,id,click_pos,click_time,name,exp_num
0,0,0.15875,1.2796865999989677,chenwenyu,1
1,0,0.15875,1.2896036999882199,chenwenyu,1
2,0,0.15875,1.3141697999963071,chenwenyu,1
3,0,0.15875,1.3313114999909885,chenwenyu,1
4,0,0.15875,1.3479384999955073,chenwenyu,1
5,0,0.15875,1.3650228999904357,chenwenyu,1
6,0,0.15875,1.3818465999793261,chenwenyu,1
7,1,-0.2125,1.4148119000019506,chenwenyu,1
8,1,-0.2125,1.4249123000190593,chenwenyu,1
9,1,-0.2125,1.4482095999992453,chenwenyu,1
10,1,-0.2125,1.4655691000225488,chenwenyu,1
11,1,-0.2125,1.482179200014798,chenwenyu,1
12,1,-0.2125,1.4987913000222761,chenwenyu,1
13,2,0.18625,1.462102200021036,chenwenyu,1
14,2,0.18625,1.471708099998068,chenwenyu,1
15,2,0.18625,1.496965199999977,chenwenyu,1
16,2,0.18625,1.5144279999949504,chenwenyu,1
17,2,0.18625,1.5312659000046551,chenwenyu,1
18,2,0.1875,1.5480925000156276,chenwenyu,1
19,2,0.1875,1.564543800021056,chenwenyu,1
20,2,0.1875,1.5815550000115763,chenwenyu,1
21,3,0.14375,2.0483180999872275,chenwenyu,1
22,3,0.14375,2.0582065999915358,chenwenyu,1
23,3,0.14375,2.0806787999754306,chenwenyu,1
24,3,0.14375,2.0979358999757096,chenwenyu,1
25,3,0.14375,2.1151484999863897,chenwenyu,1
26,3,0.14375,2.1338853999914136,chenwenyu,1
27,4,-0.3325,1.0273932999989484,chenwenyu,1
28,4,-0.3325,1.0358212999999523,chenwenyu,1
29,4,-0.3325,1.0475865000043996,chenwenyu,1
30,4,-0.3325,1.0650678999954835,chenwenyu,1
31,4,-0.3325,1.0818923999904655,chenwenyu,1
32,4,-0.3325,1.098743899987312,chenwenyu,1
33,4,-0.3325,1.1153398999886122,chenwenyu,1
34,5,-0.15375,1.014167900022585,chenwenyu,1
35,5,-0.15375,1.0221796000259928,chenwenyu,1
36,5,-0.15375,1.0475738000241108,chenwenyu,1
37,5,-0.15375,1.0656078000029083,chenwenyu,1
38,5,-0.15375,1.0828770000080112,chenwenyu,1
39,5,-0.15375,1.0997843000222929,chenwenyu,1
40,5,-0.2625,1.744073500012746,chenwenyu,1
41,5,-0.2625,1.7517882000247482,chenwenyu,1
42,5,-0.2625,1.764740200014785,chenwenyu,1
43,5,-0.2625,1.7821197000157554,chenwenyu,1
44,5,-0.2625,1.7994676000089385,chenwenyu,1
45,5,-0.2625,1.8163239000132307,chenwenyu,1
46,5,-0.26,1.8329787000257056,chenwenyu,1
47,6,-0.33625,2.0637931000092067,chenwenyu,1
48,6,-0.33625,2.0720981000049505,chenwenyu,1
49,6,-0.33625,2.0978731000213884,chenwenyu,1
50,6,-0.33625,2.1154649000091013,chenwenyu,1
51,6,-0.33625,2.133030900004087,chenwenyu,1
52,6,-0.33625,2.150528600002872,chenwenyu,1
53,7,0.2075,1.2614363000029698,chenwenyu,1
54,7,0.20625,1.2712046000233386,chenwenyu,1
55,7,0.20625,1.2827787999995053,chenwenyu,1
56,7,0.20625,1.3005964000185486,chenwenyu,1
57,7,0.20625,1.3169863000221085,chenwenyu,1
58,7,0.20625,1.3335442999959923,chenwenyu,1
59,7,0.20625,1.3514505000202917,chenwenyu,1
60,7,0.20625,1.367993200023193,chenwenyu,1
61,7,0.20625,1.3846086999983527,chenwenyu,1
62,7,0.20625,1.4012001000228338,chenwenyu,1
63,8,0.19125,1.9456734000123106,chenwenyu,1
64,8,0.19125,1.9537672000005841,chenwenyu,1
65,8,0.19125,1.9794244000222534,chenwenyu,1
66,8,0.19125,1.996720399998594,chenwenyu,1
67,8,0.19125,2.0133081000240054,chenwenyu,1
68,8,0.19125,2.030065700004343,chenwenyu,1
69,8,0.19125,2.0478373000223655,chenwenyu,1
70,9,0.34625,1.4008700999838766,chenwenyu,1
71,9,0.34625,1.4088823999918532,chenwenyu,1
72,9,0.34625,1.4320688000007067,chenwenyu,1
73,9,0.34625,1.449778799986234,chenwenyu,1
74,9,0.34625,1.4658221999998204,chenwenyu,1
75,9,0.34625,1.483263599977363,chenwenyu,1
76,9,0.34625,1.5009774999925867,chenwenyu,1
77,10,0.35125,2.6990098000096623,chenwenyu,1
78,10,0.35125,2.7070410000160336,chenwenyu,1
79,10,0.35125,2.7320117999915965,chenwenyu,1
80,10,0.35125,2.7495199000113644,chenwenyu,1
81,10,0.35125,2.76661759999115,chenwenyu,1
82,10,0.35125,2.7830697000026703,chenwenyu,1
83,10,0.35125,2.7992657000140753,chenwenyu,1
84,11,-0.34625,1.4076895999896806,chenwenyu,1
85,11,-0.34625,1.4158251000044402,chenwenyu,1
86,11,-0.34625,1.4304350000165869,chenwenyu,1
87,11,-0.34625,1.4484711000113748,chenwenyu,1
88,11,-0.34625,1.4648138000047766,chenwenyu,1
89,11,-0.34625,1.48185770001146,chenwenyu,1
90,11,-0.34625,1.4984935999964364,chenwenyu,1
91,12,0.5325,1.3532798999804072,chenwenyu,1
92,12,0.5325,1.3616964999819174,chenwenyu,1
93,12,0.5325,1.3813657999853604,chenwenyu,1
94,12,0.5325,1.3987832999846432,chenwenyu,1
95,12,0.5325,1.416143899987219,chenwenyu,1
96,12,0.5325,1.4321731999807525,chenwenyu,1
97,13,0.18,1.1875979999895208,chenwenyu,1
98,13,0.18,1.1957502999866847,chenwenyu,1
99,13,0.18,1.2137499999953434,chenwenyu,1
100,13,0.18,1.2316122000047471,chenwenyu,1
101,13,0.18,1.2484358999936376,chenwenyu,1
102,13,0.18,1.2654616000072565,chenwenyu,1
103,13,0.18,1.2828038999869023,chenwenyu,1
104,14,-0.3525,1.7538330999959726,chenwenyu,1
105,14,-0.3525,1.7620696000230964,chenwenyu,1
106,14,-0.3525,1.7816634000046179,chenwenyu,1
107,14,-0.3525,1.7987838000117335,chenwenyu,1
108,14,-0.3525,1.8154805000231136,chenwenyu,1
109,14,-0.3525,1.8321510000096168,chenwenyu,1
110,14,-0.3525,1.8486889000050724,chenwenyu,1
111,15,-0.325,2.2241421999933664,chenwenyu,1
112,15,-0.325,2.2328703999810386,chenwenyu,1
113,15,-0.325,2.2475497999985237,chenwenyu,1
114,15,-0.325,2.2650792000058573,chenwenyu,1
115,15,-0.325,2.2820623999868985,chenwenyu,1
116,15,-0.325,2.299223699985305,chenwenyu,1
117,15,-0.325,2.3158583999902476,chenwenyu,1
118,15,-0.325,2.3341271999815945,chenwenyu,1
119,16,0.22625,0.8667790000035893,chenwenyu,1
120,16,0.22625,0.8747960000182502,chenwenyu,1
121,16,0.22625,0.8985646000073757,chenwenyu,1
122,16,0.22625,0.91614440002013,chenwenyu,1
123,16,0.22625,0.9327862999925856,chenwenyu,1
124,16,0.22625,0.9496147000172641,chenwenyu,1
125,16,0.22625,0.9663157000031788,chenwenyu,1
126,17,-0.42875,0.9624406000075396,chenwenyu,1
127,17,-0.42875,0.9720728999818675,chenwenyu,1
128,17,-0.42875,0.9991862000024412,chenwenyu,1
129,17,-0.42875,1.0167483999975957,chenwenyu,1
130,17,-0.42875,1.033670400007395,chenwenyu,1
131,17,-0.42875,1.0501666000054684,chenwenyu,1
132,18,0.1825,1.9365976999979466,chenwenyu,1
133,18,0.1825,1.9451054999954067,chenwenyu,1
134,18,0.1825,1.9627725000027567,chenwenyu,1
135,18,0.1825,1.9801044999912847,chenwenyu,1
136,18,0.1825,1.9966142000048421,chenwenyu,1
137,18,0.1825,2.0134125000040513,chenwenyu,1
138,18,0.1825,2.030240699998103,chenwenyu,1
139,18,0.1825,2.046571099985158,chenwenyu,1
140,19,-0.32875,1.2576662999927066,chenwenyu,1
141,19,-0.32875,1.265852399985306,chenwenyu,1
142,19,-0.32875,1.2817015999753494,chenwenyu,1
143,19,-0.32875,1.2990333999914583,chenwenyu,1
144,19,-0.32875,1.3156151000002865,chenwenyu,1
145,19,-0.32875,1.3324457999842707,chenwenyu,1
146,19,-0.32875,1.3492497999977786,chenwenyu,1
147,20,-0.2075,1.2433307000028435,chenwenyu,1
148,20,-0.2075,1.2511929999745917,chenwenyu,1
149,20,-0.2075,1.2638943999772891,chenwenyu,1
150,20,-0.2075,1.2817710999806877,chenwenyu,1
151,20,-0.2075,1.2989650999952573,chenwenyu,1
152,20,-0.2075,1.3162343000003602,chenwenyu,1
153,20,-0.2075,1.3325735999969766,chenwenyu,1
154,21,-0.4925,2.930106199986767,chenwenyu,1
155,21,-0.4925,2.940171599999303,chenwenyu,1
156,21,-0.4925,2.9653926999890245,chenwenyu,1
157,21,-0.4925,2.9831714000029024,chenwenyu,1
158,21,-0.4925,3.002128399995854,chenwenyu,1
159,21,-0.4925,3.018688899988774,chenwenyu,1
160,21,-0.4925,3.035374500002945,chenwenyu,1
161,22,0.445,0.6332896999956574,chenwenyu,1
162,22,0.445,0.6414464999979828,chenwenyu,1
163,22,0.445,0.6656573000072967,chenwenyu,1
164,22,0.445,0.682760399999097,chenwenyu,1
165,22,0.445,0.69920830000774,chenwenyu,1
166,22,0.445,0.716057899990119,chenwenyu,1
167,22,0.445,0.733639400015818,chenwenyu,1
168,22,0.445,0.7490917000104673,chenwenyu,1
169,23,-0.16875,1.2495410999981686,chenwenyu,1
170,23,-0.16875,1.2578362999774981,chenwenyu,1
171,23,-0.16875,1.2797436999971978,chenwenyu,1
172,23,-0.16875,1.2971912999928463,chenwenyu,1
173,23,-0.16875,1.3141052999999374,chenwenyu,1
174,23,-0.16875,1.330498199997237,chenwenyu,1
175,24,-0.2,3.241269399994053,chenwenyu,1
176,24,-0.2,3.25018380000256,chenwenyu,1
177,24,-0.2,3.264649399992777,chenwenyu,1
178,24,-0.2,3.283032000006642,chenwenyu,1
179,24,-0.2,3.2992766000097618,chenwenyu,1
180,24,-0.2,3.3159352999937255,chenwenyu,1
181,24,-0.2,3.3329185000038706,chenwenyu,1
182,24,-0.2,3.349091899988707,chenwenyu,1
183,25,-0.2375,0.9142020999861415,chenwenyu,1
184,25,-0.2375,0.9223751999961678,chenwenyu,1
185,25,-0.2375,0.9490938999806531,chenwenyu,1
186,25,-0.2375,0.9672321999969427,chenwenyu,1
187,25,-0.2375,0.9828350000025239,chenwenyu,1
188,25,-0.2375,1.0002474999928381,chenwenyu,1
189,25,-0.2375,1.016482699982589,chenwenyu,1
190,26,0.21125,0.8303692000044975,chenwenyu,1
191,26,0.21125,0.8406122000014875,chenwenyu,1
192,26,0.21125,0.8655441000009887,chenwenyu,1
193,26,0.21125,0.88158040001872,chenwenyu,1
194,26,0.21125,0.8987704000028316,chenwenyu,1
195,26,0.21125,0.9153994000225794,chenwenyu,1
196,26,0.21125,0.9329811000206973,chenwenyu,1
197,26,0.21125,0.9497745000116993,chenwenyu,1
198,27,-0.34125,0.8884793999895919,chenwenyu,1
199,27,-0.34125,0.8981961999961641,chenwenyu,1
200,27,-0.34125,0.9159870999865234,chenwenyu,1
201,27,-0.34125,0.9334888999874238,chenwenyu,1
202,27,-0.34125,0.9502294999838341,chenwenyu,1
203,27,-0.34125,0.9668423999974038,chenwenyu,1
204,27,-0.34125,0.9837399999960326,chenwenyu,1
205,28,0.19125,2.2769498999987263,chenwenyu,1
206,28,0.19125,2.287171000003582,chenwenyu,1
207,28,0.19125,2.299358000018401,chenwenyu,1
208,28,0.19125,2.3171189000131562,chenwenyu,1
209,28,0.19125,2.3340927000099327,chenwenyu,1
210,28,0.19125,2.350190199998906,chenwenyu,1
211,28,0.19125,2.3674909000110347,chenwenyu,1
212,29,-0.21625,0.7165881999826524,chenwenyu,1
213,29,-0.21625,0.7255810000060592,chenwenyu,1
214,29,-0.21625,0.747954699996626,chenwenyu,1
215,29,-0.21625,0.7665926000045147,chenwenyu,1
216,29,-0.21625,0.7844225000008009,chenwenyu,1
217,29,-0.21625,0.8161387000000104,chenwenyu,1
218,30,-0.2525,0.7151699000096414,chenwenyu,1
219,30,-0.2525,0.7248055000090972,chenwenyu,1
220,30,-0.2525,0.7473163999966346,chenwenyu,1
221,30,-0.2525,0.7647244000108913,chenwenyu,1
222,30,-0.2525,0.7813447999942582,chenwenyu,1
223,30,-0.2525,0.7981641000078525,chenwenyu,1
224,30,-0.2525,0.8147858000011183,chenwenyu,1
225,31,-0.4175,1.683042699994985,chenwenyu,1
226,31,-0.4175,1.692154299991671,chenwenyu,1
227,31,-0.4175,1.718756399990525,chenwenyu,1
228,31,-0.4175,1.736196799989557,chenwenyu,1
229,31,-0.4175,1.7541008999978658,chenwenyu,1
230,31,-0.4175,1.7702087999787182,chenwenyu,1
231,32,0.335,0.8286346000095364,chenwenyu,1
232,32,0.335,0.8380630000028759,chenwenyu,1
233,32,0.335,0.8635076000064146,chenwenyu,1
234,32,0.335,0.8805607999966014,chenwenyu,1
235,32,0.335,0.8974286000011489,chenwenyu,1
236,32,0.335,0.9141188999929,chenwenyu,1
237,32,0.335,0.9307829999888781,chenwenyu,1
238,33,-0.155,0.9141426999995019,chenwenyu,1
239,33,-0.155,0.9235356999852229,chenwenyu,1
240,33,-0.155,0.949543700000504,chenwenyu,1
241,33,-0.155,0.9674567999900319,chenwenyu,1
242,33,-0.155,0.9839351999980863,chenwenyu,1
243,33,-0.155,1.001755500008585,chenwenyu,1
244,34,-0.1875,1.232560199976433,chenwenyu,1
245,34,-0.1875,1.2422267999791075,chenwenyu,1
246,34,-0.1875,1.2628172999829985,chenwenyu,1
247,34,-0.1875,1.2803161999909207,chenwenyu,1
248,34,-0.1875,1.2969363000011072,chenwenyu,1
249,34,-0.1875,1.313528500002576,chenwenyu,1
250,34,-0.1875,1.3303148999984842,chenwenyu,1
251,34,-0.1875,1.3470301999768708,chenwenyu,1
252,35,0.31375,0.8614574000239372,chenwenyu,1
253,35,0.31375,0.8716953000111971,chenwenyu,1
254,35,0.31375,0.8853033000195865,chenwenyu,1
255,35,0.31375,0.9023993000155315,chenwenyu,1
256,35,0.31375,0.9189031000132672,chenwenyu,1
257,35,0.31375,0.9358164000150282,chenwenyu,1
258,35,0.31375,0.965180600003805,chenwenyu,1
259,36,-0.29375,2.55804070000886,chenwenyu,1
260,36,-0.29375,2.566053600021405,chenwenyu,1
261,36,-0.29375,2.582896800013259,chenwenyu,1
262,36,-0.29375,2.6003005000238772,chenwenyu,1
263,36,-0.29375,2.617013600014616,chenwenyu,1
264,36,-0.29375,2.6339014999975916,chenwenyu,1
265,36,-0.29375,2.6504428000189364,chenwenyu,1
266,36,-0.29375,2.667199800023809,chenwenyu,1
267,37,0.8525,0.4695828999974765,chenwenyu,1
268,37,0.8525,0.47853990001021884,chenwenyu,1
269,37,0.8525,0.5002597999991849,chenwenyu,1
270,37,0.8525,0.5177576999994926,chenwenyu,1
271,37,0.8525,0.5358826000010595,chenwenyu,1
272,37,0.8525,0.552091699995799,chenwenyu,1
273,37,0.8525,0.5684808999940287,chenwenyu,1
274,37,0.8525,0.5853041000082158,chenwenyu,1
275,38,0.71875,0.8226336000079755,chenwenyu,1
276,38,0.71875,0.8308957999979611,chenwenyu,1
277,38,0.71875,0.8476615000108723,chenwenyu,1
278,38,0.71875,0.8652758000243921,chenwenyu,1
279,38,0.71875,0.8819905999989714,chenwenyu,1
280,38,0.71875,0.8985835000057705,chenwenyu,1
281,38,0.71875,0.9152581000234932,chenwenyu,1
282,38,0.71875,0.932292800018331,chenwenyu,1
283,39,-0.6875,1.1456285000022035,chenwenyu,1
284,39,-0.6875,1.153954799985513,chenwenyu,1
285,39,-0.6875,1.164506800007075,chenwenyu,1
286,39,-0.6875,1.1842460999905597,chenwenyu,1
287,39,-0.6875,1.2026616999937687,chenwenyu,1
288,39,-0.6875,1.2160183000087272,chenwenyu,1
289,39,-0.6875,1.2324927999870852,chenwenyu,1
290,40,-0.33625,0.577612399996724,chenwenyu,1
291,40,-0.33625,0.5856446000107098,chenwenyu,1
292,40,-0.33625,0.5975675999943633,chenwenyu,1
293,40,-0.33625,0.6163952000206336,chenwenyu,1
294,40,-0.33625,0.6329276000033133,chenwenyu,1
295,40,-0.33625,0.6495735000062268,chenwenyu,1
296,40,-0.33625,0.6661919000034686,chenwenyu,1
297,40,-0.33625,0.6830902000074275,chenwenyu,1
298,41,0.18875,0.9370257999980822,chenwenyu,1
299,41,0.18875,0.9458481000037864,chenwenyu,1
300,41,0.18875,0.9661206000018865,chenwenyu,1
301,41,0.18875,0.9834859000111464,chenwenyu,1
302,41,0.18875,1.0005515000084415,chenwenyu,1
303,41,0.18875,1.0168585000210442,chenwenyu,1
304,41,0.18875,1.033949800010305,chenwenyu,1
305,42,-0.23375,0.9209254000161309,chenwenyu,1
306,42,-0.23375,0.9305485000077169,chenwenyu,1
307,42,-0.23375,0.9471065000107046,chenwenyu,1
308,42,-0.23375,0.9647181000036653,chenwenyu,1
309,42,-0.23375,0.9816197000036482,chenwenyu,1
310,42,-0.23375,0.998250000004191,chenwenyu,1
311,42,-0.23375,1.0147532999981195,chenwenyu,1
312,43,-0.23,0.8110436999995727,chenwenyu,1
313,43,-0.23,0.8215947999851778,chenwenyu,1
314,43,-0.23,0.847053599980427,chenwenyu,1
315,43,-0.23,0.8649618999916129,chenwenyu,1
316,43,-0.23,0.8812212999910116,chenwenyu,1
317,43,-0.23,0.8979350999870803,chenwenyu,1
318,44,0.28625,0.6494264999928419,chenwenyu,1
319,44,0.28625,0.660101699992083,chenwenyu,1
320,44,0.28625,0.6782069000182673,chenwenyu,1
321,44,0.28625,0.6957787999999709,chenwenyu,1
322,44,0.28625,0.7121321000158787,chenwenyu,1
323,44,0.28625,0.7312881000107154,chenwenyu,1
324,44,0.28625,0.7479610000154935,chenwenyu,1
325,45,0.43375,0.2249489999958314,chenwenyu,1
326,45,0.43375,0.2337851999909617,chenwenyu,1
327,45,0.43375,0.24885430000722408,chenwenyu,1
328,45,0.43375,0.26677340001333505,chenwenyu,1
329,45,0.43375,0.2835196999949403,chenwenyu,1
330,45,0.43375,0.3001939000096172,chenwenyu,1
331,45,0.43375,0.3169257999979891,chenwenyu,1
332,45,0.43375,0.33361979998881,chenwenyu,1
333,45,0.43375,0.3502738999959547,chenwenyu,1
334,46,0.7425,2.526461900008144,chenwenyu,1
335,46,0.7425,2.5366764000209514,chenwenyu,1
336,46,0.7425,2.562989000027301,chenwenyu,1
337,46,0.7425,2.58062210000935,chenwenyu,1
338,46,0.7425,2.5967970000056084,chenwenyu,1
339,46,0.7425,2.613604200014379,chenwenyu,1
340,46,0.7425,2.6302667999989353,chenwenyu,1
341,46,0.99875,3.888021300022956,chenwenyu,1
342,46,0.99875,3.896928600006504,chenwenyu,1
343,46,0.99875,3.9122135000070557,chenwenyu,1
344,46,0.99875,3.930248600023333,chenwenyu,1
345,46,0.99875,3.9467292000190355,chenwenyu,1
346,46,0.99875,3.963720600004308,chenwenyu,1
347,46,0.99875,3.980574400018668,chenwenyu,1
348,46,0.99875,3.9971965000149794,chenwenyu,1
349,46,0.99875,4.014584900025511,chenwenyu,1
350,46,1.26375,4.518279700016137,chenwenyu,1
351,46,1.26375,4.5268867000122555,chenwenyu,1
352,46,1.26375,4.545409600017592,chenwenyu,1
353,46,1.26375,4.563142900005914,chenwenyu,1
354,46,1.26375,4.579883099999279,chenwenyu,1
355,46,1.26375,4.596359300019685,chenwenyu,1
356,46,1.26375,4.613554000010481,chenwenyu,1
357,46,1.26375,4.630977699998766,chenwenyu,1
358,47,1.33625,2.105155299999751,chenwenyu,1
359,47,1.33625,2.1135703999898396,chenwenyu,1
360,47,1.33625,2.1319700999883935,chenwenyu,1
361,47,1.33625,2.1495051000092644,chenwenyu,1
362,47,1.33625,2.1666633999848273,chenwenyu,1
363,47,1.33625,2.183266000007279,chenwenyu,1
364,47,1.33625,2.200255500007188,chenwenyu,1
365,47,1.33625,2.217421400011517,chenwenyu,1
366,48,0.88125,0.4204375999979675,chenwenyu,1
367,48,0.88125,0.4287744000030216,chenwenyu,1
368,48,0.88125,0.44969439998385496,chenwenyu,1
369,48,0.88125,0.4668390000006184,chenwenyu,1
370,48,0.88125,0.4835601999948267,chenwenyu,1
371,48,0.88125,0.5002168999926653,chenwenyu,1
372,48,0.88125,0.5176045999978669,chenwenyu,1
373,49,-0.86375,0.9322888999886345,chenwenyu,1
374,49,-0.86375,0.940479899989441,chenwenyu,1
375,49,-0.86375,0.9651031999965198,chenwenyu,1
376,49,-0.86375,0.9824387999833561,chenwenyu,1
377,49,-0.86375,0.9990611999819521,chenwenyu,1
378,49,-0.86375,1.0157559999788646,chenwenyu,1
379,49,-0.86375,1.0325525999942329,chenwenyu,1
380,50,0.215,1.8826856999949086,chenwenyu,1
381,50,0.215,1.8909754999913275,chenwenyu,1
382,50,0.215,1.9155280999839306,chenwenyu,1
383,50,0.215,1.9330026999814436,chenwenyu,1
384,50,0.215,1.9495476000010967,chenwenyu,1
385,50,0.215,1.966506800003117,chenwenyu,1
386,51,0.68875,2.039054600027157,chenwenyu,1
387,51,0.68875,2.048559300019406,chenwenyu,1
388,51,0.68875,2.0655854000069667,chenwenyu,1
389,51,0.68875,2.0828361000167206,chenwenyu,1
390,51,0.68875,2.0993772000074387,chenwenyu,1
391,51,0.68875,2.1159493000013754,chenwenyu,1
392,51,0.68875,2.132643700024346,chenwenyu,1
393,51,0.68875,2.1499864000070374,chenwenyu,1
394,52,-0.56875,0.7557825000258163,chenwenyu,1
395,52,-0.56875,0.7635072000266518,chenwenyu,1
396,52,-0.56875,0.7836928000033367,chenwenyu,1
397,52,-0.56875,0.8007360000046901,chenwenyu,1
398,52,-0.56875,0.8174797000247054,chenwenyu,1
399,52,-0.56875,0.8341248000215273,chenwenyu,1
400,52,-0.56875,0.8516715000150725,chenwenyu,1
401,53,0.41,1.167295000021113,chenwenyu,1
402,53,0.41,1.1750544999958947,chenwenyu,1
403,53,0.41,1.1987154000089504,chenwenyu,1
404,53,0.41,1.2157784000155516,chenwenyu,1
405,53,0.41,1.2322955999989063,chenwenyu,1
406,53,0.41,1.2488862000172958,chenwenyu,1
407,53,0.41,1.2654992000025231,chenwenyu,1
408,53,0.41,1.2824432000052184,chenwenyu,1
409,53,0.41,1.298889199999394,chenwenyu,1
410,54,1.60125,0.8816947999875993,chenwenyu,1
411,54,1.60125,0.8898186000005808,chenwenyu,1
412,54,1.60125,0.9154774000053294,chenwenyu,1
413,54,1.60125,0.9327899999916553,chenwenyu,1
414,54,1.60125,0.9501354999956675,chenwenyu,1
415,54,1.60125,0.9671759000048041,chenwenyu,1
416,54,1.60125,0.9838032000116073,chenwenyu,1
417,54,1.60125,1.0005197999998927,chenwenyu,1
418,55,-0.77375,1.030514200014295,chenwenyu,1
419,55,-0.77375,1.039150199998403,chenwenyu,1
420,55,-0.77375,1.0653635000053328,chenwenyu,1
421,55,-0.77375,1.0824465000187047,chenwenyu,1
422,55,-0.77375,1.1004897000093479,chenwenyu,1
423,55,-0.77375,1.1181509000016376,chenwenyu,1
424,56,-1.135,1.8263958000170533,chenwenyu,1
425,56,-1.135,1.8350149000179954,chenwenyu,1
426,56,-1.135,1.8486837999953423,chenwenyu,1
427,56,-1.135,1.8656200999976136,chenwenyu,1
428,56,-1.135,1.8834912000165787,chenwenyu,1
429,56,-1.135,1.9000479000096675,chenwenyu,1
430,56,-1.135,1.9164934000000358,chenwenyu,1
431,56,-1.135,1.9334894000203349,chenwenyu,1
432,57,1.42375,0.9788547999924049,chenwenyu,1
433,57,1.42375,0.9885393000149634,chenwenyu,1
434,57,1.42375,1.015297100006137,chenwenyu,1
435,57,1.42375,1.034743800002616,chenwenyu,1
436,57,1.42375,1.0516593999927863,chenwenyu,1
437,57,1.42375,1.0680420999997295,chenwenyu,1
438,57,1.42375,1.0846464000060223,chenwenyu,1
439,57,1.42375,1.101603699993575,chenwenyu,1
440,57,1.24625,1.7806533999973908,chenwenyu,1
441,57,1.24625,1.7885415000200737,chenwenyu,1
442,57,1.24625,1.8139695000136271,chenwenyu,1
443,57,1.24625,1.831609999993816,chenwenyu,1
444,57,1.24625,1.8485268999938853,chenwenyu,1
445,57,1.24625,1.8660190000082366,chenwenyu,1
446,57,1.24625,1.8822288000083063,chenwenyu,1
447,58,-0.46625,1.2690130000119098,chenwenyu,1
448,58,-0.46625,1.278760000015609,chenwenyu,1
449,58,-0.46625,1.297813799988944,chenwenyu,1
450,58,-0.46625,1.3148347999958787,chenwenyu,1
451,58,-0.46625,1.3315106999943964,chenwenyu,1
452,58,-0.46625,1.348659100010991,chenwenyu,1
453,58,-0.46625,1.3651696000015363,chenwenyu,1
454,59,0.70875,0.3882819999998901,chenwenyu,1
455,59,0.70875,0.396062100015115,chenwenyu,1
456,59,0.70875,0.4137831999978516,chenwenyu,1
457,59,0.70875,0.43176580002182163,chenwenyu,1
458,59,0.70875,0.4484252000111155,chenwenyu,1
459,59,0.70875,0.4649537000223063,chenwenyu,1
460,59,0.70875,0.4819093000260182,chenwenyu,1
461,59,0.70875,0.49843890001648106,chenwenyu,1
462,60,0.2875,0.5464281000022311,chenwenyu,1
463,60,0.2875,0.553859800013015,chenwenyu,1
464,60,0.2875,0.5638791000237688,chenwenyu,1
465,60,0.2875,0.5816811000113375,chenwenyu,1
466,60,0.2875,0.5988274000119418,chenwenyu,1
467,60,0.2875,0.6161260000080802,chenwenyu,1
468,60,0.2875,0.6327231000177562,chenwenyu,1
469,61,-0.43375,0.8595325000060257,chenwenyu,1
470,61,-0.43375,0.8681740000029095,chenwenyu,1
471,61,-0.43375,0.8806091000151355,chenwenyu,1
472,61,-0.43375,0.8990245000168215,chenwenyu,1
473,61,-0.43375,0.9160009000042919,chenwenyu,1
474,61,-0.43375,0.9324198000249453,chenwenyu,1
475,61,-0.43375,0.9493969000177458,chenwenyu,1
476,62,0.3375,0.8441069000109565,chenwenyu,1
477,62,0.3375,0.8544655000150669,chenwenyu,1
478,62,0.3375,0.8810923999990337,chenwenyu,1
479,62,0.3375,0.8987545999989379,chenwenyu,1
480,62,0.3375,0.9154290000151377,chenwenyu,1
481,62,0.3375,0.9318414000154007,chenwenyu,1
482,62,0.3375,0.9484973000071477,chenwenyu,1
483,63,0.4225,0.5048601999878883,chenwenyu,1
484,63,0.4225,0.5138933999987785,chenwenyu,1
485,63,0.4225,0.5297994999855291,chenwenyu,1
486,63,0.4225,0.5478672999888659,chenwenyu,1
487,63,0.4225,0.5694262000033632,chenwenyu,1
488,63,0.4225,0.5888138999871444,chenwenyu,1
489,63,0.4225,0.6071987999894191,chenwenyu,1
490,64,0.365,1.93039160000626,chenwenyu,1
491,64,0.365,1.9405776000057813,chenwenyu,1
492,64,0.365,1.9639499000040814,chenwenyu,1
493,64,0.365,1.9812713999999687,chenwenyu,1
494,64,0.365,1.9971200999862049,chenwenyu,1
495,64,0.365,2.0148026999959257,chenwenyu,1
496,64,0.365,2.0342369000136387,chenwenyu,1
497,65,0.43375,0.5097996999975294,chenwenyu,1
498,65,0.43375,0.5188125999993645,chenwenyu,1
499,65,0.43375,0.5461208000197075,chenwenyu,1
500,65,0.43375,0.5632463000074495,chenwenyu,1
501,65,0.43375,0.5806770000199322,chenwenyu,1
502,65,0.43375,0.598329600004945,chenwenyu,1
503,65,0.43375,0.6164040000003297,chenwenyu,1
504,65,0.43375,0.6364679000107571,chenwenyu,1
505,66,-0.2325,0.4155980999930762,chenwenyu,1
506,66,-0.2325,0.42515319999074563,chenwenyu,1
507,66,-0.2325,0.444513199996436,chenwenyu,1
508,66,-0.2325,0.46147529999143444,chenwenyu,1
509,66,-0.2325,0.4778433000028599,chenwenyu,1
510,66,-0.2325,0.4943438000045717,chenwenyu,1
511,66,-0.2325,0.5110548000084236,chenwenyu,1
512,66,-0.2325,0.5280217000108678,chenwenyu,1
513,66,-0.31625,1.5434457999945153,chenwenyu,1
514,66,-0.31625,1.5535845000122208,chenwenyu,1
515,66,-0.31625,1.5773857999884058,chenwenyu,1
516,66,-0.31625,1.5946672999998555,chenwenyu,1
517,66,-0.31625,1.6115209000126924,chenwenyu,1
518,66,-0.31625,1.628122699999949,chenwenyu,1
519,66,-0.31625,1.6458054000104312,chenwenyu,1
520,67,0.24875,0.23387699999148026,chenwenyu,1
521,67,0.24875,0.24355789998662658,chenwenyu,1
522,67,0.24875,0.2579365000128746,chenwenyu,1
523,67,0.24875,0.27539890000480227,chenwenyu,1
524,67,0.24875,0.29231540000182576,chenwenyu,1
525,67,0.24875,0.31113240000559017,chenwenyu,1
526,67,0.24875,0.3277945999871008,chenwenyu,1
527,67,0.24875,0.3448064000112936,chenwenyu,1
528,68,-0.56,1.7238626000180375,chenwenyu,1
529,68,-0.56,1.7331509000214282,chenwenyu,1
530,68,-0.56,1.7459234000125434,chenwenyu,1
531,68,-0.56,1.7644129999971483,chenwenyu,1
532,68,-0.56,1.7803361999976914,chenwenyu,1
533,68,-0.56,1.7969502000196371,chenwenyu,1
534,68,-0.56,1.815076400001999,chenwenyu,1
535,69,-0.3825,1.374758699996164,chenwenyu,1
536,69,-0.3825,1.3852026000095066,chenwenyu,1
537,69,-0.3825,1.4119434999884106,chenwenyu,1
538,69,-0.3825,1.4291744999936782,chenwenyu,1
539,69,-0.3825,1.4458645000122488,chenwenyu,1
540,69,-0.3825,1.4631501999974716,chenwenyu,1
541,69,-0.3825,1.479926500003785,chenwenyu,1
542,69,-0.3825,1.4966335000062827,chenwenyu,1
543,70,-1.1425,2.1764259999908973,chenwenyu,1
544,70,-1.1425,2.1847193999856245,chenwenyu,1
545,70,-1.1425,2.1966682999918703,chenwenyu,1
546,70,-1.1425,2.2141567999788094,chenwenyu,1
547,70,-1.1425,2.230918199988082,chenwenyu,1
548,70,-1.1425,2.2475212999852374,chenwenyu,1
549,71,1.65625,0.7753517999954056,chenwenyu,1
550,71,1.65625,0.7868559999915306,chenwenyu,1
551,71,1.65625,0.8000145999831147,chenwenyu,1
552,71,1.65625,0.8162846999766771,chenwenyu,1
553,71,1.65625,0.8331412999832537,chenwenyu,1
554,71,1.65625,0.8495651999837719,chenwenyu,1
555,71,1.65625,0.8678532999765594,chenwenyu,1
556,72,-1.11375,0.8714927000110038,chenwenyu,1
557,72,-1.11625,0.8807312000135425,chenwenyu,1
558,72,-1.11625,0.8980947000090964,chenwenyu,1
559,72,-1.11625,0.9192550000152551,chenwenyu,1
560,72,-1.1175,0.9368198000011034,chenwenyu,1
561,72,-1.1175,0.955038100015372,chenwenyu,1
562,72,-1.1175,0.9723184000176843,chenwenyu,1
563,73,-0.47875,0.49244539998471737,chenwenyu,1
564,73,-0.47875,0.5015957999858074,chenwenyu,1
565,73,-0.47875,0.5139792999834754,chenwenyu,1
566,73,-0.47875,0.5309845999872778,chenwenyu,1
567,73,-0.47875,0.5477867999870796,chenwenyu,1
568,73,-0.47875,0.564340999990236,chenwenyu,1
569,73,-0.47875,0.5808939999842551,chenwenyu,1
570,74,0.68125,0.5616310000186786,chenwenyu,1
571,74,0.68125,0.5712233000085689,chenwenyu,1
572,74,0.68125,0.5976224000041839,chenwenyu,1
573,74,0.68125,0.6149394000240136,chenwenyu,1
574,74,0.68125,0.6317107000213582,chenwenyu,1
575,74,0.68125,0.6479404999990948,chenwenyu,1
576,74,0.68125,0.6659266000206117,chenwenyu,1
577,75,0.5475,0.9631261999893468,chenwenyu,1
578,75,0.5475,0.97342279998702,chenwenyu,1
579,75,0.5475,0.996761799993692,chenwenyu,1
580,75,0.5475,1.0140921999991406,chenwenyu,1
581,75,0.5475,1.031125899986364,chenwenyu,1
582,75,0.5475,1.0484774000069592,chenwenyu,1
583,75,0.5475,1.0642316000012215,chenwenyu,1
584,76,0.23,0.4922608000051696,chenwenyu,1
585,76,0.23,0.5018677999905776,chenwenyu,1
586,76,0.23,0.5147819000121672,chenwenyu,1
587,76,0.23,0.5312659000046551,chenwenyu,1
588,76,0.23,0.5480145000037737,chenwenyu,1
589,76,0.23,0.5645899999944959,chenwenyu,1
590,76,0.23,0.5812363000004552,chenwenyu,1
591,76,0.23,0.6003893000015523,chenwenyu,1
592,76,0.3575,1.034089299995685,chenwenyu,1
593,76,0.3575,1.0435615000023972,chenwenyu,1
594,76,0.3575,1.0635674000077415,chenwenyu,1
595,76,0.3575,1.081237600010354,chenwenyu,1
596,76,0.3575,1.0981737000111025,chenwenyu,1
597,76,0.3575,1.114825099997688,chenwenyu,1
598,76,0.3575,1.1311268999997992,chenwenyu,1
599,76,0.3575,1.1479707999969833,chenwenyu,1
600,77,0.51875,0.18339900000137277,chenwenyu,1
601,77,0.51875,0.19318859998020343,chenwenyu,1
602,77,0.51875,0.21451349998824298,chenwenyu,1
603,77,0.51875,0.2317140999948606,chenwenyu,1
604,77,0.51875,0.24858660000609234,chenwenyu,1
605,77,0.51875,0.26530969998566434,chenwenyu,1
606,77,0.51875,0.2818548000068404,chenwenyu,1
607,77,0.51875,0.2983100999845192,chenwenyu,1
608,78,-0.3325,0.16723869999987073,chenwenyu,1
609,78,-0.3325,0.17789140000240877,chenwenyu,1
610,78,-0.3325,0.1974902999936603,chenwenyu,1
611,78,-0.3325,0.21480600000359118,chenwenyu,1
612,78,-0.3325,0.23232489998918027,chenwenyu,1
613,78,-0.3325,0.2508994000090752,chenwenyu,1
614,78,-0.3325,0.26855259999865666,chenwenyu,1
615,79,0.43125,0.042184999998426065,chenwenyu,1
616,79,0.43125,0.06186779998824932,chenwenyu,1
617,79,0.43125,0.08084179999423213,chenwenyu,1
618,79,0.43125,0.10221569999703206,chenwenyu,1
619,79,0.43125,0.12647580000339076,chenwenyu,1
620,79,0.43125,0.14842610000050627,chenwenyu,1
621,79,0.43125,0.17232109999167733,chenwenyu,1
622,80,-0.365,0.32983939998666756,chenwenyu,1
623,80,-0.365,0.34030509999138303,chenwenyu,1
624,80,-0.365,0.3636871999769937,chenwenyu,1
625,80,-0.365,0.3812815999845043,chenwenyu,1
626,80,-0.365,0.39785519998986274,chenwenyu,1
627,80,-0.365,0.41435439998167567,chenwenyu,1
628,81,1.41875,2.3357717000180855,chenwenyu,1
629,81,1.41875,2.346331300010206,chenwenyu,1
630,81,1.41875,2.36287720000837,chenwenyu,1
631,81,1.41875,2.380487999995239,chenwenyu,1
632,81,1.41875,2.3971652000036556,chenwenyu,1
633,81,1.41875,2.4137466000101995,chenwenyu,1
634,81,1.41875,2.4303630999929737,chenwenyu,1
635,82,-1.07875,0.5998423999990337,chenwenyu,1
636,82,-1.07875,0.6099765000108164,chenwenyu,1
637,82,-1.07875,0.6301555999962147,chenwenyu,1
638,82,-1.07875,0.6474954000150319,chenwenyu,1
639,82,-1.07875,0.6644407999992836,chenwenyu,1
640,82,-1.07875,0.6812307999935001,chenwenyu,1
641,82,-1.07875,0.7000453000073321,chenwenyu,1
642,83,-0.95875,0.3685540000151377,chenwenyu,1
643,83,-0.95875,0.37682850001147017,chenwenyu,1
644,83,-0.95875,0.397760499996366,chenwenyu,1
645,83,-0.95875,0.4151654999877792,chenwenyu,1
646,83,-0.95875,0.43180270001175813,chenwenyu,1
647,83,-0.95875,0.4484243000042625,chenwenyu,1
648,83,-0.95875,0.4657491999969352,chenwenyu,1
649,84,-0.7275,0.2190239999908954,chenwenyu,1
650,84,-0.7275,0.22731350001413375,chenwenyu,1
651,84,-0.7275,0.24733859999105334,chenwenyu,1
652,84,-0.7275,0.26495620000059716,chenwenyu,1
653,84,-0.7275,0.28211120000923984,chenwenyu,1
654,84,-0.7275,0.2983980000135489,chenwenyu,1
655,84,-0.7275,0.31527490000007674,chenwenyu,1
656,84,-0.7275,0.33148110000183806,chenwenyu,1
657,85,0.66375,0.8445554999925662,chenwenyu,1
658,85,0.66375,0.852489599987166,chenwenyu,1
659,85,0.66375,0.8632082999974955,chenwenyu,1
660,85,0.66375,0.8812220999971032,chenwenyu,1
661,85,0.66375,0.8977413999964483,chenwenyu,1
662,85,0.66375,0.9147627000056673,chenwenyu,1
663,85,0.66375,0.9313667999813333,chenwenyu,1
664,85,0.66375,0.948164600005839,chenwenyu,1
665,85,0.545,1.4290823999908753,chenwenyu,1
666,85,0.545,1.4380516999808606,chenwenyu,1
667,85,0.545,1.4647698999906424,chenwenyu,1
668,85,0.545,1.481331399991177,chenwenyu,1
669,85,0.545,1.4981758999929298,chenwenyu,1
670,85,0.545,1.514841800002614,chenwenyu,1
671,86,0.56125,0.4063255999935791,chenwenyu,1
672,86,0.56125,0.4153173000086099,chenwenyu,1
673,86,0.56125,0.43059120001271367,chenwenyu,1
674,86,0.56125,0.44848330001696013,chenwenyu,1
675,86,0.56125,0.4647852000198327,chenwenyu,1
676,86,0.56125,0.4813834000087809,chenwenyu,1
677,86,0.56125,0.49775599999702536,chenwenyu,1
678,86,0.56125,0.5147548000095412,chenwenyu,1
679,87,-0.3675,0.29504319999250583,chenwenyu,1
680,87,-0.3675,0.30317090000608005,chenwenyu,1
681,87,-0.3675,0.3144621000101324,chenwenyu,1
682,87,-0.3675,0.33207319999928586,chenwenyu,1
683,87,-0.3675,0.3483852999925148,chenwenyu,1
684,87,-0.3675,0.36544880000292324,chenwenyu,1
685,87,-0.3675,0.3817620000045281,chenwenyu,1
686,87,-0.3675,0.39868230000138283,chenwenyu,1
687,87,-0.94625,1.9094716999970842,chenwenyu,1
688,87,-0.94625,1.919192600005772,chenwenyu,1
689,87,-0.94625,1.932087799999863,chenwenyu,1
690,87,-0.94625,1.9494737000204623,chenwenyu,1
691,87,-0.94625,1.9660317999951076,chenwenyu,1
692,87,-0.94625,1.9828569999954198,chenwenyu,1
693,87,-0.94625,1.999647200020263,chenwenyu,1
694,87,-0.94625,2.0186105000029784,chenwenyu,1
695,88,-0.97625,0.547699399990961,chenwenyu,1
696,88,-0.97625,0.5579231999872718,chenwenyu,1
697,88,-0.97625,0.5821303999982774,chenwenyu,1
698,88,-0.97625,0.6002695999923162,chenwenyu,1
699,88,-0.97625,0.6169927999726497,chenwenyu,1
700,88,-0.97625,0.6352566999848932,chenwenyu,1
701,89,-0.82,0.8469291999936104,chenwenyu,1
702,89,-0.82,0.856687299994519,chenwenyu,1
703,89,-0.82,0.8784342000144534,chenwenyu,1
704,89,-0.82,0.8956338000134565,chenwenyu,1
705,89,-0.82,0.9122145000146702,chenwenyu,1
706,89,-0.82,0.9290289000200573,chenwenyu,1
707,89,-0.82,0.9460862000123598,chenwenyu,1
708,90,-0.3375,1.5799014999938663,chenwenyu,1
709,90,-0.3375,1.5898033999837935,chenwenyu,1
710,90,-0.3375,1.616166299994802,chenwenyu,1
711,90,-0.3375,1.6335095000104047,chenwenyu,1
712,90,-0.3375,1.6507457999978215,chenwenyu,1
713,90,-0.3375,1.6668001000070944,chenwenyu,1
714,90,-0.3375,1.683866500010481,chenwenyu,1
715,91,1.1025,1.5626563999976497,chenwenyu,1
716,91,1.1025,1.5725244000204839,chenwenyu,1
717,91,1.1025,1.5972925999958534,chenwenyu,1
718,91,1.1025,1.6138176000094973,chenwenyu,1
719,91,1.1025,1.6310962999996264,chenwenyu,1
720,91,1.1025,1.6501694000035059,chenwenyu,1
721,91,1.005,2.1126666000054684,chenwenyu,1
722,91,1.005,2.1222750000015367,chenwenyu,1
723,91,1.005,2.1468157000199426,chenwenyu,1
724,91,1.005,2.1643586000136565,chenwenyu,1
725,91,1.005,2.1807549000077415,chenwenyu,1
726,91,1.005,2.1977049999986775,chenwenyu,1
727,91,1.005,2.2142362000013236,chenwenyu,1
728,92,1.05,0.5849968999973498,chenwenyu,1
729,92,1.05,0.595560799993109,chenwenyu,1
730,92,1.05,0.61312949997955,chenwenyu,1
731,92,1.05,0.630686099990271,chenwenyu,1
732,92,1.05,0.6475061999808531,chenwenyu,1
733,92,1.05,0.6639972999983002,chenwenyu,1
734,92,1.05,0.6806163000001106,chenwenyu,1
735,93,-0.31125,1.4309083999833092,chenwenyu,1
736,93,-0.31125,1.4407033000024967,chenwenyu,1
737,93,-0.31125,1.464201700000558,chenwenyu,1
738,93,-0.31125,1.4815824999823235,chenwenyu,1
739,93,-0.31125,1.4979897000011988,chenwenyu,1
740,93,-0.31125,1.5151658999966457,chenwenyu,1
741,93,-0.31125,1.5316783000016585,chenwenyu,1
742,94,-0.2825,0.4190453999908641,chenwenyu,1
743,94,-0.2825,0.4287851999979466,chenwenyu,1
744,94,-0.2825,0.4457111999799963,chenwenyu,1
745,94,-0.2825,0.46336779999546707,chenwenyu,1
746,94,-0.2825,0.47984439998981543,chenwenyu,1
747,94,-0.2825,0.496361799974693,chenwenyu,1
748,94,-0.2825,0.5131601999746636,chenwenyu,1
749,94,-0.2825,0.529818199982401,chenwenyu,1
750,94,-0.2825,0.5474261999770533,chenwenyu,1
751,94,-0.4775,1.8107852999819443,chenwenyu,1
752,94,-0.4775,1.8210904999868944,chenwenyu,1
753,94,-0.4775,1.8456898999866098,chenwenyu,1
754,94,-0.4775,1.8631056000012904,chenwenyu,1
755,94,-0.4775,1.8799099999887403,chenwenyu,1
756,94,-0.4775,1.8963631999795325,chenwenyu,1
757,95,0.70375,0.214237400010461,chenwenyu,1
758,95,0.70375,0.22413220000453293,chenwenyu,1
759,95,0.70375,0.24527819998911582,chenwenyu,1
760,95,0.70375,0.26284700000542216,chenwenyu,1
761,95,0.70375,0.27933479999774136,chenwenyu,1
762,95,0.70375,0.29607370001031086,chenwenyu,1
763,95,0.70375,0.312645900005009,chenwenyu,1
764,95,0.70375,0.33004390000132844,chenwenyu,1
